{"mtx": [[502.91079400474706, 0.0, 321.32347275971335], [0.0, 502.4836297325979, 237.03515056116922], [0.0, 0.0, 1.0]], "dist": [[0.1812110692656436, -0.39943342956103123, -0.0025627573305456075, -0.000716921849030986, 0.2571885707507121]]}