{
	"mtx": 
	[
		[651.7668526791119, 0.0, 309.56229547272153], 
		[0.0, 651.4497412319374, 241.63613349218437], 
		[0.0, 0.0, 1.0]
	], 
	"dist": 
	[
		[0.41621047849432014, -2.182133787964969, -0.0014039613684029256, -0.0010005907573905084, 1.954247063049924]
	]
}